slug,venue,address,country_code,longitude,latitude,start,end,attendance,organiser,organiser_domain,organiser_country_code,tags
2019-10-29-cardiff,ARCHER-SSI Data Carpentry at Cardiff University,"Training Room 2, Julian Hodge Building, Colum Drive, Cardiff, CF10 3EU",GB,-3.18543,51.49191,2019-10-29,2019-10-30,0,ARCHER,archer.ac.uk,GB,DC
2020-02-10-turing,"Software Carpentry Workshop, The Alan Turing Institute","British Library, 96 Euston Road, London, NW1 2DB",GB,-0.1271,51.5302,2020-02-10,2020-02-11,0,Alan Turing Institute,turing.ac.uk,GB,SWC
2017-11-07-ukarchives,"The National Archives, Kew","J31 Park, B&Q, Motherwell Way, Aveley RM20 3EH, United Kingdom",GB,0.2799,51.4816,2017-11-07,2017-11-07,0,Archives and Records Association (UK & Ireland),archives.org.uk,GB,LC
2020-02-20-lancaster,Lancaster University,"Bowland Hall, Bailrigg, Lancaster LA1 4ZA",GB,2.789279,54.012121,2020-02-21,2020-02-22,0,CCP CoDiMa,codima.ac.uk,GB,Circuits
2020-xx-xx-cilip,,,GB,,,,,0,"CILIP, library and information association",cilip.org.uk,GB,"LC,cancelled"
2015-11-09-cul,,,GB,-0.1015937,51.5280395,2015-11-09,2015-11-30,59,"City, University of London",city.ac.uk,GB,LC
2014-07-21-cranfield,Cranfield University,"Computer Teaching Suite (room 252), Whittle Building (building 52), College Road, Cranfield, MK43 0AL",GB,-0.629225,52.074389,2014-07-21,2014-07-23,28,Cranfield University,cranfield.ac.uk,GB,SWC
2015-11-09-culham,Culham Centre for Fusion Energy,"Abingdon, Oxfordshire, OX14 3DB, UK",GB,-1.2287899,51.6576076,2015-11-09,2015-11-10,43,Culham Centre for Fusion Energy,ccfe.ac.uk,GB,SWC
2018-06-12-bru-datacarpentry-inbo-elixir,U-residence,"Generaal Jacqueslaan 271, 1050 Brussels",BE,4.394176,50.824343,2018-06-12,2018-06-13,17,ELIXIR-UK,elixir-uk.org,GB,DC
2018-03-28-paris,Institut Pasteur Paris,"25-28 Rue du Dr Roux, 75015 Paris",FR,2.310683,48.840447,2018-03-28,2018-03-29,12,ELIXIR-UK,elixir-uk.org,GB,SWC
2018-10-13-Hungary-elixir,,,HU,,,,,0,ELIXIR-UK,elixir-uk.org,GB,"DC,stalled"
2019-02-14-elixir-luxembourg,,,,,,2019-02-11,2019-02-15,0,ELIXIR-UK,elixir-uk.org,GB,"SWC,cancelled"
2018-12-01-elixir-debrecen,"University of Debrecen, Medical Faculty","Dean's Office, International Training Coordination Center, Nagyerdei krt. 98, H-4032 Debrecen, Hungary",HU,21.63517,47.53986,2018-12-01,2018-12-02,31,ELIXIR-UK,elixir-uk.org,GB,SWC
2018-10-24-ugent,University of Ghent,"Room: Vergaderzaal B0.1, Campus Coupure, Coupure Links 653, 9000 Gent, Belgium",BE,3.708959,51.052779,2018-10-24,2018-10-25,31,ELIXIR-UK,elixir-uk.org,GB,SWC
2019-04-01-ELIXIR-NORWAY_BERGEN,ELIXIR - University of Bergen,"Bioblokken Room 520B1, High Technology Centre, Thormøhlens Gt 55, 5008 Bergen, Norway",NO,5.333,60.381,2019-04-01,2019-04-03,0,ELIXIR-UK,elixir-uk.org,GB,SWC
2019-02-11-Naples,National Research Council,"via Pietro Castellino 111, 80131 Naples",IT,14.224429,40.855535,2019-02-11,2019-02-15,0,ELIXIR-UK,elixir-uk.org,GB,SWC
2018-10-15-elixir-igc,Instituto Gulbenkian de Ciência,"Rua da Quinta Grande, 6, Leucippus Meeting Room, 2780-156 Oeiras - Portugal",PT,,,2018-10-15,2018-10-16,0,ELIXIR-UK,elixir-uk.org,GB,"DC,unresponsive,Pilot"
2019-02-14-elixir-milano,University Milano-Bicocca,"U7 building, Via Bicocca degli Arcimboldi, 8, Milano",IT,9.21341,45.51729,2019-02-14,2019-02-15,0,ELIXIR-UK,elixir-uk.org,GB,DC
2018-02-14-elixir-prague,"University of Chemistry and Technology, Prague","Technicka 3, Prague 6, 166 28, Czech Republic, room BS09",CZ,14.39151,50.10237,2019-02-14,2019-02-14,0,ELIXIR-UK,elixir-uk.org,GB,DC
2018-12-03-elixir-netherlands,,,,,,2018-12-03,2018-12-07,0,ELIXIR-UK,elixir-uk.org,GB,"DC,cancelled"
2019-01-10-elixir-athens,BRFAA - Biomedical Research Foundation Academy of Athens,"4 Soranou Ephessiou St., 115 27 Athens, Greece",GR,23.780932,37.991431,2019-01-10,2019-01-11,22,ELIXIR-UK,elixir-uk.org,GB,SWC
2019-01-29-elixir-Ljubljana,,,SI,,,2019-01-29,2019-01-31,0,ELIXIR-UK,elixir-uk.org,GB,"DC,unresponsive"
2019-07-01-elixir-sib-dc,,,CH,,,2019-07-01,2019-07-02,0,ELIXIR-UK,elixir-uk.org,GB,DC
2019-05-29-elixir-nottingham,University of Nottingham,"The University of Nottingham, Teaching and Learning Building, Room E07, University Park, Nottingham, NG7 2NR",GB,-1.19467,52.934502,2019-05-29,2019-05-30,0,ELIXIR-UK,elixir-uk.org,GB,SWC
2019-05-13-Ghent,ELIXIR-BE,"Overwale 3, 9000 Gent. Clemenspoort: Zaal Neumann",BE,3.70654,51.033718,2019-05-13,2019-05-14,0,ELIXIR-UK,elixir-uk.org,GB,"DC,Pilot"
2019-04-16-BRU,ELIXIR-Belgium Brussels,"U-residence Free University of Brussels, Generaal Jacqueslaan 271, 1050 Brussels",BE,4.394176,50.824343,2019-04-16,2019-07-17,0,ELIXIR-UK,elixir-uk.org,GB,SWC
2019-04-01-elxir-csc,"CSC Training Facilities, Finland","Keilaranta 14, Espoo, Finland",FI,24.8304687,60.1780621,2019-04-01,2019-04-02,0,ELIXIR-UK,elixir-uk.org,GB,DC
2018-05-16-elixir-slovenia,"University of Ljubljana, Faculty of Medicine","Faculty of Medicine, Vrazov trg 2, Ljubljana",SI,14.518159,46.050919,2019-05-15,2019-05-17,0,ELIXIR-UK,elixir-uk.org,GB,SWC
2019-04-15-elixir-france,,,FR,,,2019-03-25,2019-03-29,0,ELIXIR-UK,elixir-uk.org,GB,SWC
2019-06-06-elixir-bsc,Elixir-CNIO,"Melchor Fernández Almagro, 3. 28029 Madrid",ES,-3.696091,40.476688,2019-06-06,2019-06-07,0,ELIXIR-UK,elixir-uk.org,GB,SWC
2019-06-03-elixir-athens-eie,National Hellenic Research Foundation,"48 Leoforos Vasileos Konstantinou, 116 35 Athens, Greece",GR,23.745407,37.973198,2019-06-03,2019-06-04,12,ELIXIR-UK,elixir-uk.org,GB,SWC
2019-05-30-elixir-portugal,Instituto Gulbenkian de Ciência,"Instituto Gulbenkian de Ciência, Bioinformatics Training Room, Rua da Quinta Grande 6, 2780-156 Oeiras, Portugal",PT,-9.32247,38.685796,2019-05-30,2019-05-31,0,ELIXIR-UK,elixir-uk.org,GB,SWC
2016-10-18-EI,Earlham Institute - Darwin Room,"Norwich Research Park, Norwich, NR4 7UG",GB,1.219461,52.621793,2016-10-18,2016-10-19,15,Earlham Institute,earlham.ac.uk,GB,DC
2017-11-21-EI,Earlham Institute,"Norwich Research Park, Norwich, NR4 7UZ",GB,1.219461,52.621793,2017-11-21,2017-11-22,15,Earlham Institute,earlham.ac.uk,GB,DC
2017-10-10-norwich,Earlham Institute,"Darwin Room, Norwich Research Park, Norwich, NR4 7UZ, United Kingdom",GB,1.218987,52.621741,2017-10-10,2017-10-11,16,Earlham Institute,earlham.ac.uk,GB,SWC
2017-04-26-norwich,Earlham Institute,"Norwich Research Park, Norwich, NR4 7UZ, United Kingdom",GB,1.218987,52.621741,2017-04-26,2017-04-27,13,Earlham Institute,earlham.ac.uk,GB,SWC
2018-10-02-DC,Earlham Institute,"Norwich Research Park, Norwich, NR4 7UZ",GB,1.218987,52.621741,2018-10-02,2018-10-03,0,Earlham Institute,earlham.ac.uk,GB,cancelled
2019-01-22-earlham-institute-swc,,,GB,,,2019-01-22,2019-01-23,18,Earlham Institute,earlham.ac.uk,GB,SWC
2019-01-22-SWC,Earlham Institute,"Norwich Research Park, Norwich, NR4 7UZ",GB,1.218987,52.621741,2019-01-22,2019-01-23,15,Earlham Institute,earlham.ac.uk,GB,SWC
2019-03-05-earlham,Earlham Institute,"Norwich Research Park, Norwich, NR4 7UZ",GB,1.218987,52.621741,2019-03-05,2019-03-06,13,Earlham Institute,earlham.ac.uk,GB,DC
2020-01-21-earlham,Earlham Institute,"Norwich Research Park, Norwich, NR4 7UZ UK",GB,1.218976,52.621887,2020-01-21,2020-01-22,0,Earlham Institute,earlham.ac.uk,GB,SWC
2020-03-03-earlham,Earlham Institute,"Norwich Research Park, Norwich, NR4 7UZ UK",GB,1.218976,52.621887,2020-03-03,2020-03-04,0,Earlham Institute,earlham.ac.uk,GB,DC
2016-11-02-EPCC,EPCC - The University of Edinburgh,"JCMB, Peter Guthrie Tait Road, Edinburgh, EH9 3FD",GB,-3.174546,55.92155,2016-11-02,2016-11-03,22,Edinburgh Parallel Computing Centre,epcc.ed.ac.uk,GB,DC
2017-05-09-edinburgh,"University of Edinburgh, King's Buildings, JCMB","Room 3217, James Clerk Maxwell Building, Peter Guthrie Tait Road, Edinburgh, EH9 3FD",GB,-3.1749893,55.9215522,2017-05-09,2017-05-10,32,Edinburgh Parallel Computing Centre,epcc.ed.ac.uk,GB,SWC
2017-05-11-edinburgh,"University of Edinburgh, King's Buildings, JCMB","Room 3217, James Clerk Maxwell Building, Peter Guthrie Tait Road, Edinburgh, EH9 3FD",GB,-3.1749893,55.9215522,2017-05-11,2017-05-12,23,Edinburgh Parallel Computing Centre,epcc.ed.ac.uk,GB,DC
2013-04-11-egi,"EGI Forum, Manchester",,GB,-2.233958,53.467102,2013-04-11,2013-04-11,20,European Grid Infrastructure,egi.eu,EU,SWC
2017-01-xx-oxford,,,,,,,,0,First Light Fusion,firstlightfusion.com,GB,"SWC,stalled"
2013-10-24-greenwich,Digital Greenwich,"11th Floor, Greenwich Digital Enterprise Centre, 6 Mitre Passage, London SE10 0ER",GB,0.00663,51.50066,2013-10-24,2013-10-25,36,"Greenwich Digital Enterprise, London",greenwich.gov.uk,GB,SWC
2019-03-28-heriotwatt,Heriot Watt University,James Watt Study Hub,GB,-3.26227,55.92261,2019-03-28,2019-03-29,25,Heriot Watt University,hw.ac.uk,GB,SWC
2019-06-26-heriotwatt,Heriot Watt University (Riccarton campus),Heriot Watt University (Riccarton campus) - GRID Building,GB,-3.3225381,55.9096602,2019-06-26,2019-06-27,21,Heriot Watt University,hw.ac.uk,GB,DC
2014-09-16-imperial,Imperial College London,"Room 1.51, Royal School of Mines (RSM) Building, South Kensington Campus, Imperial College London, London.",GB,-0.1764,51.499471,2014-09-16,2014-09-17,31,Imperial College London,imperial.ac.uk,GB,SWC
2015-04-16-imperial,Imperial College London,"Imperial College London, ICT Training Room, 204 Central Library Sherfield Building, Exhibition Road, South Kensington, London, SW7 2AZ",GB,-0.174877,51.4988,2015-04-16,2015-04-17,18,Imperial College London,imperial.ac.uk,GB,SWC
2015-07-15-feltham,SAP Headquarters near London Heathrow,"Clockhouse Place, Bedfont Road, Feltham, Middlesex TW14 8HD",GB,-0.445043,51.449025,2015-07-15,2015-07-17,25,Imperial College London,imperial.ac.uk,GB,SWC
2015-09-21-ttt-icl,Imperial College London,school of mines building imperial college london prince consort road,GB,-0.17721,51.499845,2015-09-21,2015-09-22,14,Imperial College London,imperial.ac.uk,GB,TTT
2016-03-23-Imperial,Imperial College London,"Imperial College London, ICT Training Room, 204 Central Library Sherfield Building, Exhibition Road, South Kensington, London, SW7 2AZ",GB,-0.174877,51.4988,2016-03-23,2016-03-24,19,Imperial College London,imperial.ac.uk,GB,SWC
2017-01-26-imperial,Imperial College London,"ICT Training Room, 204 Central Library Sherfield Building, Exhibition Road, South Kensington, London, SW7 2AZ",GB,-0.174877,51.4988,2017-01-26,2017-01-27,15,Imperial College London,imperial.ac.uk,GB,SWC
2017-07-19-imperial,Imperial College London,"Royal School of Mines 3.38, South Kensington campus, London",GB,-0.176343,51.499708,2017-07-19,2017-07-20,24,Imperial College London,imperial.ac.uk,GB,SWC
2017-07-17-imperial,Imperial College London,"Royal School of Mines 3.38, South Kensington campus, London",GB,-0.176343,51.499708,2017-07-17,2017-07-18,19,Imperial College London,imperial.ac.uk,GB,DC
2017-10-30-imperial-ttt,Imperial College London,"Kensington, London SW7 2AZ",GB,-0.1767867,51.498846,2017-10-30,2017-10-31,21,Imperial College London,imperial.ac.uk,GB,TTT
2014-06-02-icl-geo,"G07, Royal School of Mines, Imperial College London","Prince Consort Road, South Kensington Campus, London SW7 2AZ",GB,-0.174904,51.499715,2014-06-02,2014-06-03,0,Imperial College London,imperial.ac.uk,GB,"SWC,unresponsive"
2017-12-11-Imperial,ARCHER - Imperial College London,"PC lab in Sir Ernst Chain 311, 7 Imperial College Rd, Kensington, London SW7 2AZ",GB,-0.178248,51.497687,2017-12-11,2017-12-12,26,Imperial College London,imperial.ac.uk,GB,SWC
2018-02-12-Imperial,Imperial College London,"SALC 7, Sherfield building level 5, South Kensington Campus, Imperial College London, SW7 2AZ",GB,-0.174877,51.4988,2018-02-12,2018-02-13,0,Imperial College London,imperial.ac.uk,GB,SWC
2018-03-19-Imperial,Imperial College London,"CDT space, Central Library level 4, access from the 2nd floor of Sherfield building (SW corner), South Kensington Campus, Imperial College London, SW7 2AZ",GB,-0.174877,51.4988,2018-03-19,2018-03-20,0,Imperial College London,imperial.ac.uk,GB,SWC
2018-04-23-Imperial,Imperial College London,"CDT space, Central Library level 4, access from the 2nd floor of Sherfield building (SW corner, towards the Great Hall, follow the signs to Software Carpentry), South Kensington Campus, Imperial College London, SW7 2AZ",GB,-0.174877,51.4988,2018-04-23,2018-04-24,0,Imperial College London,imperial.ac.uk,GB,SWC
2018-05-21-Imperial,Imperial College London,"Sir Ernst Chain building 311, South Kensington Campus, Imperial College London, SW7 2AZ",GB,-0.174877,51.4988,2018-05-21,2018-05-22,0,Imperial College London,imperial.ac.uk,GB,SWC
2018-06-14-Imperial,Imperial College London,"CDT space, Central Library level 4, access from the 2nd floor of Sherfield building (SW corner, towards the Great Hall, follow the signs to Software Carpentry), South Kensington Campus, Imperial College London, SW7 2AZ",GB,-0.174877,51.4988,2018-06-14,2018-06-15,0,Imperial College London,imperial.ac.uk,GB,SWC
2018-09-24-Imperial,Imperial College London,"Huxley 340 and 341, South Kensington Campus, Imperial College London, SW7 2AZ",GB,-0.174877,51.4988,2018-09-24,2018-09-26,41,Imperial College London,imperial.ac.uk,GB,SWC
2018-11-07-Imperial,Imperial College London,"CDT space, Central Library level 4, access from the 2nd floor of Sherfield building (SW corner, towards the Great Hall, follow the signs to Software Carpentry), South Kensington Campus, Imperial College London, SW7 2AZ",GB,-0.174877,51.4988,2018-11-07,2018-11-08,26,Imperial College London,imperial.ac.uk,GB,SWC
2019-05-01-Imperial,Imperial College London,"Sherfield  ICSM S309, South Kensington Campus",GB,-0.174877,51.4988,2019-05-01,2019-05-02,18,Imperial College London,imperial.ac.uk,GB,SWC
2019-10-31-ttt-Imperial,Imperial College London,"ICT training room, Central Library 204,  South Kensington Campus",GB,-0.178368,51.498152,2019-10-31,2019-11-01,0,Imperial College London,imperial.ac.uk,GB,TTT
2019-11-14-Imperial,Imperial College London,"ICT training room, Central Library 204, South Kensington Campus",GB,-0.174877,51.4988,2019-11-14,2019-11-15,0,Imperial College London,imperial.ac.uk,GB,SWC
2019-10-10-Imperial,R for reproducible scientific analysis - Imperial College London,"ICT training room, Central Library 204, South Kensington campus",GB,-0.178368,51.498152,2019-10-10,2019-10-11,0,Imperial College London,imperial.ac.uk,GB,SWC
2019-04-15-Imperial,R for reproducible scientific analysis - Imperial College London,"School of Medicine, SMMS 142 - Hynds computer room, St Mary's Campus",GB,-0.173186,51.517548,2019-04-15,2019-04-16,0,Imperial College London,imperial.ac.uk,GB,SWC
2018-03-xx-london,,,GB,,,,,0,King's College London,kcl.ac.uk,GB,"SWC,stalled"
2018-02-22-KCL,King's College London,"King's College London Guy's Campus, London, SE1 3RR",GB,-0.087794,51.504001,2018-02-22,2018-02-23,0,King's College London,kcl.ac.uk,GB,DC
2018-11-01-london-kcl,King's College London,"5th Floor Bermondsey Building, Large AALB Seminar Room. Guy's Hospital",GB,-0.073967,51.493632,2018-11-01,2018-11-02,25,King's College London,kcl.ac.uk,GB,DC
2018-05-03-KCL,King's College London,"King's College London Guy's Campus, London, SE1 3RR",GB,-0.087794,51.504001,2018-05-03,2018-05-04,0,King's College London,kcl.ac.uk,GB,DC
2019-02-06-SZN,Stazione Zoologica Anton Dohrn Napoli,"Villa Comunale Napoli, 80121 - Naples, in the Foyer Seminar Room on the ground Floor of the Stazione Zoologica Anton Dohrn",IT,14.23563,40.832726,2019-02-06,2019-02-07,36,King's College London,kcl.ac.uk,GB,DC
2019-04-29-KCL,King's College London,"2nd Floor Borough Wing, Seminar Room A, Guy's Hospital, SE19RT",GB,-0.086809,51.503356,2019-04-29,2019-04-30,22,King's College London,kcl.ac.uk,GB,DC
2019-06-03-KCL,King's College London,"5th Floor Bermondsey Wing, Large AALB Room",GB,-0.096739,51.517146,2019-06-03,2019-06-04,16,King's College London,kcl.ac.uk,GB,DC
2019-12-16-london-kcl,Kings College London,"Rm 2.09, Bush House, Strand, London WC2R 1ES",GB,-0.11896,51.51159,2019-12-16,2019-12-17,0,King's College London,kcl.ac.uk,GB,SWC
2020-01-09-kcl,King's College London,"King's College London, Strand Campus, Bush House South East Wing, Room BH(SE) 1.01 (Jan. 9) and BH(SE) 6.04 (Jan. 10), 300, Strand, London WC2R 1AE",GB,-0.11556,51.513115,2020-01-09,2020-01-10,0,King's College London,kcl.ac.uk,GB,SWC
2018-06-18-LSE,ARCHER-SSI Software Carpentry @ London School of Economics and Political Science,"Workspace 4, LSE LIFE, LSE Library: The British Library of Political and Economic Science, 10 Portugal St, London WC2A 2HD",GB,-0.115698,51.51469,2018-06-18,2018-06-19,0,LSE London School of Economics,lse.ac.uk,GB,SWC
2016-01-19-london-nhm,Natural History Museum,"Natural History Museum, Cromwell Road, London, SW7 5BD",GB,-0.176367,51.495933,2016-01-19,2016-01-20,19,National History Museum,nhm.ac.uk,GB,DC
2016-01-26-london-nhm,Natural History Museum,"Natural History Museum, Cromwell Road, London, SW7 5BD",GB,-0.176367,51.495933,2016-01-26,2016-01-27,15,National History Museum,nhm.ac.uk,GB,DC
2019-11-15-edinburgh-library-carpentry,University of Edinburgh,"Digital Scholarship Centre, Floor 6, University of Edinburgh Main Library, George Square, Edinburgh, UK",GB,-3.188267,55.953251,2019-11-15,2020-05-01,0,National Library of Scotland,nls.uk,GB,Circuits
2016-04-26-london-nrgi,,,GB,,,2016-04-26,2016-04-27,0,Natural Resource Governance Institute,resourcegovernance.org,GB,stalled
2013-02-06-qmul,Queen Mary University London,Queen Mary University London,GB,-0.040374,51.524067,2013-02-06,2013-02-07,27,Queen Mary University London,qmul.ac.uk,GB,SWC
2017-06-21-qmul,"Media and Arts Technology CDT, Queen Mary University of London","Engineering Building Room G2a, School of Electronic Engineering and Computer Science, Queen Mary University of London, London E1 4NS",GB,-0.040498,51.523586,2017-06-21,2017-06-22,14,Queen Mary University London,qmul.ac.uk,GB,SWC
2019-07-09-rslondon,Research Software London (hosted at Queen Mary University of London),"Room W207, Queens' Building, Mile End Campus, Queen Mary University of London, Mile End Road, London, E1 4NS",GB,-0.040492,51.523351,2019-07-09,2019-07-10,21,Queen Mary University London,qmul.ac.uk,GB,SWC
2016-06-09-Belfast,The Queen's University Belfast,"Teaching Room 1, Medical Biology Centre (Teaching Centre), Queen's University Belfast",GB,-5.934049,54.584409,2016-06-09,2016-06-10,26,Queen's University Belfast,qub.ac.uk,GB,SWC
2017-06-01-Belfast,The Queen's University Belfast,"Room MAP.01.004, Mathematics and Physics Teaching Centre, QUB",GB,-5.934326,54.584069,2017-06-01,2017-06-02,26,Queen's University Belfast,qub.ac.uk,GB,DC
2015-11-09-london-royal-h-,"Royal Holloway, University of London","Royal Holloway, Egham Hill, Egham TW20 0EX",GB,-0.567005,51.426608,2015-11-11,2015-11-11,17,"Royal Holloway, University of London",rhul.ac.uk,GB,SWC
2016-05-16-royalholloway,"Royal Holloway, University of London","Room 103, McCrea Building, Royal Holloway, Egham, Surrey, TW20 0EX",GB,-0.5646045,51.4259853,2016-05-16,2016-05-17,0,"Royal Holloway, University of London",rhul.ac.uk,GB,SWC
2019-06-xx-location,,,GB,,,,,0,SSI Software Sustainability Institute,software.ac.uk,GB,"LC,cancelled"
2017-01-09-oxford,University of Oxford,"The Oxford Research Centre in the Humanities, Woodstock Rd, Oxford OX2",GB,-1.262284,51.760167,2017-01-09,2017-01-10,26,School of Anthropology and Museum Ethnography,anthro.ox.ac.uk,GB,SWC
2017-03-13-oxford,University of Oxford,"IT Suite, Manor Road Building, Manor Road, Oxford OX1 3UQ",GB,-1.246788,51.757295,2017-03-13,2017-03-14,28,School of Anthropology and Museum Ethnography,anthro.ox.ac.uk,GB,SWC
2017-02-13-oxford,University of Oxford,"The Oxford Research Centre in the Humanities, Woodstock Rd, Oxford OX2",GB,-1.262284,51.760167,2017-02-13,2017-02-14,0,School of Anthropology and Museum Ethnography,anthro.ox.ac.uk,GB,cancelled
2017-10-12-oxford-swc,University of Oxford,"Oxford e-Research Centre (7 Keble Road ,Oxford, OX1 3QG)",GB,-1.258617,51.760053,2017-10-12,2017-10-13,15,School of Anthropology and Museum Ethnography,anthro.ox.ac.uk,GB,SWC
2018-01-09-oxford,University of Oxford,"1st floor Seminar Room, Ioannou Centre for Classical and Byzantine Studies, 66 St Giles', Oxford OX1 3LU",GB,-1.260276,51.756858,2018-01-09,2018-01-10,12,School of Anthropology and Museum Ethnography,anthro.ox.ac.uk,GB,SWC
2012-07-10-ral,Rutherford Appleton Laboratory, ,GB,-1.314722,51.573333,2012-07-10,2012-07-12,24,Science & Technology Facilities Council,stfc.ac.uk,GB,SWC
2013-12-12-glasgow,University of Glasgow,"Room 320, Kelvin Building",GB,-4.29155,55.87185,2013-12-12,2013-12-12,43,Scottish Universities Physics Alliance,supa.ac.uk,GB,SWC
2018-01-25-swansea,Swansea University,"Room 218, Wallace Building, Swansea University, Singleton Park, Sketty, Swansea SA2 8PP",GB,-3.981289,51.608949,2018-01-25,2018-01-26,35,Swansea University,swansea.ac.uk,GB,SWC
2018-11-08-swansea,,,GB,,,2018-11-08,2018-11-09,0,Swansea University,swansea.ac.uk,GB,SWC
2019-01-28-swansea,Swansea University,"Room 516, Vivian Tower, Swansea University, Singleton Park, Swansea SA2 8PP",GB,-3.9825905,51.609049,2019-01-28,2019-01-29,16,Swansea University,swansea.ac.uk,GB,SWC
2019-02-20-swansea,,,GB,,,2019-02-20,2019-02-21,0,Swansea University,swansea.ac.uk,GB,DC
2019-04-16-swansea,Swansea University,"The Boardroom, Computational Foundry, Bay Campus, Swansea University",GB,-3.878739,51.619229,2019-04-16,2019-04-17,7,Swansea University,swansea.ac.uk,GB,SWC
2019-10-23-swansea,"Singleton Campus, Swansea University","Room 38, Talbot Building, Swansea University, Singleton Park, Swansea",GB,-3.97837,51.609069,2019-10-23,2019-10-24,6,Swansea University,swansea.ac.uk,GB,SWC
2020-05-20-swansea,"Singleton Campus, Swansea University","Room 516, Vivian Tower, Swansea University, Singleton Park, Swansea",GB,-3.982323,51.609054,2020-05-20,2020-05-21,0,Swansea University,swansea.ac.uk,GB,SWC
2019-12-04-swansea,"Singleton Campus, Swansea University","Room 516, Vivian Tower, Swansea University, Singleton Park, Swansea",GB,-3.982323,51.609054,2019-12-04,2019-12-05,0,Swansea University,swansea.ac.uk,GB,DC
2020-01-08-swansea,"Bay Campus, Swansea University","Room 127, The College, Swansea University, Bay Campus, Swansea",GB,-3.880897,51.617903,2020-01-08,2020-01-09,0,Swansea University,swansea.ac.uk,GB,SWC
2017-06-21-Crick,The Francis Crick Institute,"The Francis Crick Institute, 1 Midland Road, London NW1 1AT",GB,-0.1304385,51.5318302,2017-06-21,2017-06-22,20,The Francis Crick Institute,crick.ac.uk,GB,DC
2017-10-12-london,The Francis Crick Institute,"1 Midland Rd, Kings Cross, London NW1 1AT",GB,-0.12825,51.53183,2017-10-12,2017-10-13,18,The Francis Crick Institute,crick.ac.uk,GB,SWC
2014-02-03-TGAC,Earlham Institute,"Norwich Research Park, Norwich",GB,-1.240993,52.6217629,2014-02-03,2014-02-04,24,The Genome Analysis Centre,tgac.ac.uk,GB,SWC
2016-03-08-TGAC,Earlham Institute,"Darwin Room, Norwich Research Park, Norwich, NR4 7UH",GB,-1.219289,52.621697,2016-03-08,2016-03-09,19,The Genome Analysis Centre,tgac.ac.uk,GB,SWC
2016-06-07-TGAC,Earlham Institute,"Darwin Room, Norwich Research Park, Norwich, NR4 7UH",GB,1.2183423,52.62173,2016-06-07,2016-06-08,16,The Genome Analysis Centre,tgac.ac.uk,GB,SWC
2020-01-15-ukaea-swcarpentry,UK Atomic Energy Authority,"LRDC, Culham Science Centre, Abingdon",GB,-1.23,51.657,2020-01-15,2020-01-30,0,UK Atomic Energy Authority,ukaea.uk,GB,SWC
2016-11-24-ttt-metoffice,Met Office College,"Met Office, Exeter, EX1 3PB",GB,-3.475646,50.727622,2016-11-24,2016-11-25,17,UK Met Office,metoffice.gov.uk,GB,TTT
2012-04-30-ucl,University College London, ,GB,-0.1334579,51.5598815,2012-04-30,2012-05-01,44,University College London,ucl.ac.uk,GB,SWC
2013-04-04-ucl,University College London,,GB,-0.133578,51.524789,2013-04-04,2013-04-05,31,University College London,ucl.ac.uk,GB,SWC
2013-09-27-ucl,University College London,University College London,GB,-0.13404,51.524559,2013-09-27,2013-09-28,32,University College London,ucl.ac.uk,GB,SWC
2014-02-18-UCL,University College London,London,GB,-0.134475,51.5243625,2014-02-18,2014-02-19,27,University College London,ucl.ac.uk,GB,SWC
2014-05-19-ucl,University College London,University College London,GB,-0.13404,51.524559,2014-05-19,2014-05-20,12,University College London,ucl.ac.uk,GB,SWC
2014-11-05-UCL,University College London,"Gordon House 106 29 Gordon Square, London, WC1H 0PP",GB,-0.132013,51.525004,2014-11-05,2014-11-06,27,University College London,ucl.ac.uk,GB,SWC
2014-11-05-uclhep,University College London,University College London,GB,-0.13404,51.524559,2014-11-05,2014-11-06,16,University College London,ucl.ac.uk,GB,SWC
2015-02-25-ucl,University College London,"1-19 Torrington Place, London",GB,-0.134084,51.521882,2015-02-25,2015-02-26,14,University College London,ucl.ac.uk,GB,SWC
2015-06-18-ucl,University College London,"Cruciform B115A Cluster, University College London",GB,-0.13404,51.524559,2015-06-18,2015-06-19,20,University College London,ucl.ac.uk,GB,SWC
2015-10-08-ttt-ucl,University College London,university college london,GB,-0.134077,51.521885,2015-10-08,2015-10-09,18,University College London,ucl.ac.uk,GB,TTT
2015-11-10-UCL_software_carpentry,University College London,"ISD Training Room B07, 1-19 Torrington Place, London WC1E 7HB",GB,-0.134352,51.522582,2015-11-10,2015-11-11,21,University College London,ucl.ac.uk,GB,SWC
2016-02-17-UCL_software_carpentry,University College London,"Christopher Ingold Building, Cluster Room G20, 20 Gordon Street, London WC1H 0AJ",GB,-0.132326449,51.52538039,2016-02-17,2016-02-18,35,University College London,ucl.ac.uk,GB,SWC
2016-06-22-UCL_software_carpentry,University College London,"ISD training room B07; 1-19 Torrington Place, WC1E 7HB",GB,-0.134323,51.521869,2016-06-22,2016-06-23,22,University College London,ucl.ac.uk,GB,SWC
2016-09-22-UCL_software_carpentry,University College London,"Christopher Ingold Building, Cluster Room G20, 20 Gordon Street, London WC1H 0AJ",GB,-0.132326449,51.52538039,2016-09-22,2016-09-23,22,University College London,ucl.ac.uk,GB,SWC
2016-11-10-uclhep,University College London,"Room 2.23, Chadwick Building, UCL, Gower Street, London WC1E 6BT",GB,-0.134092,51.524133,2016-11-10,2016-11-11,18,University College London,ucl.ac.uk,GB,SWC
2016-12-13-UCL_software_carpentry,University College London,"ISD training room B07; 1-19 Torrington Place, WC1E 7HB",GB,-0.134323,51.521869,2016-12-13,2016-12-14,20,University College London,ucl.ac.uk,GB,SWC
2017-04-27-london,,,GB,,,2017-04-27,2017-04-28,0,University College London,ucl.ac.uk,GB,cancelled
2017-07-25-UCL_software_carpentry,University College London,"G20 Cluster, Christopher Ingold Building, 20 Gordon Street, WC1H 0AJ",GB,-0.132574,51.525256,2017-07-26,2017-07-26,29,University College London,ucl.ac.uk,GB,SWC
2017-04-27-UCL_software_carpentry,UCL,"B29 Public Cluster, Foster Court",GB,,,2017-04-27,2017-04-28,24,University College London,ucl.ac.uk,GB,SWC
2017-10-31-UCL_software_carpentry,University College London,"Rooms 1 and 2 in the basement of 188 Tottenham Court Road, London W1T7PH",GB,,51.521923,2017-10-31,2017-11-01,30,University College London,ucl.ac.uk,GB,SWC
2017-09-25-UCL_software_carpentry,University College London,"Room D3, Physics Building, Gower Street, London WC1E 6BT",GB,-0.133528483,51.52528389,2017-09-25,2017-09-26,14,University College London,ucl.ac.uk,GB,SWC
2017-11-09-uclhep,"University College London, High-Energy Physics Group","Lab 2, Physics Building, UCL, Gower Street, London WC1E 6BT",GB,-0.133491,51.525334,2017-11-09,2017-11-10,14,University College London,ucl.ac.uk,GB,SWC
2017-12-14-UCL_software_carpentry,University College London,"Rooms 1 and 2 in 188 Tottenham Court Road, London W1T 7PH",GB,-0.135172,51.521712,2017-12-14,2017-12-15,33,University College London,ucl.ac.uk,GB,SWC
2018-04-25-UCL_software_carpentry,UCL,"Cruciform Hub cluster room, Cruciform Building, Gower St, London, WC1E",GB,-0.135084,51.524253,2018-04-25,2018-04-26,15,University College London,ucl.ac.uk,GB,SWC
2018-06-26-UCL_software_carpentry,University College London,"25 Gordon Street, First Floor Public Cluster (room 105)",GB,-0.133414,51.525652,2018-06-26,2018-06-27,26,University College London,ucl.ac.uk,GB,SWC
2018-08-28-UCL_software_carpentry,UCL,"25 Gordon Street - First Floor Cluster (105), UCL, London",GB,-0.133414,51.525652,2018-08-28,2018-08-29,16,University College London,ucl.ac.uk,GB,SWC
2018-09-26-UCL_software_carpentry,UCL,"Room D3, Physics Building, Gower Street London WC1E 6BT, UCL, London",GB,0.133528483,51.52528389,2018-09-26,2018-09-27,21,University College London,ucl.ac.uk,GB,SWC
2018-11-07-UCL_software_carpentry,University College London,"Christopher Ingold Building, Cluster Room G20, 20 Gordon Street, London WC1H 0AJ",GB,-0.132326449,51.52538039,2018-11-07,2018-11-08,0,University College London,ucl.ac.uk,GB,SWC
2018-11-08-ucl,"University College London, High-Energy Physics Group","Room B1.15A, Cruciform Building, UCL, Gower Street WC1E 6BT",GB,-0.13512,51.524,2018-11-08,2018-11-09,0,University College London,ucl.ac.uk,GB,SWC
2019-04-08-UCL_software_carpentry,UCL,"G20 cluster, Christopher Ingold Building, Gordon Street, London, UK",GB,0.02097,51.52508,2019-04-08,2019-04-09,0,University College London,ucl.ac.uk,GB,SWC
2019-07-15-UCL_software_carpentry,UCL,"G20 cluster, Christopher Ingold Building, Gordon Street, London, UK",GB,-0.132574,51.525256,2019-07-15,2019-07-16,8,University College London,ucl.ac.uk,GB,SWC
2019-10-16-UCLQ,UCL Qatar,"Room 2B01, UCL Qatar Library, Humanitarium, Education City",QA,51.444066,25.318391,2019-10-16,2019-10-17,0,University College London,ucl.ac.uk,GB,LC
2019-11-04-UCL_software_carpentry,UCL,"Basement cluster, Foster Court, Gower St, Bloomsbury, London WC1E 6BT",GB,-0.13263,51.52245,2019-11-04,2019-11-05,18,University College London,ucl.ac.uk,GB,SWC
2019-09-25-UCL_software_carpentry,University College London,"Lab 1, Physics Building, University College London, WC1E 6BT",GB,-0.133241,51.525435,2019-09-25,2019-09-26,35,University College London,ucl.ac.uk,GB,SWC
2020-02-18-UCL,UCL,"G20 Christopher Ingold Public Cluster, Christopher Ingold Building, University College London, 20 Gordon Street, London, WC1H 0AJ",GB,-0.132152,51.525388,2020-02-18,2020-02-19,0,University College London,ucl.ac.uk,GB,SWC
2018-03-xx-aberystwyth,,,GB,,,,2018-02-02,0,University of Aberystwyth,aber.ac.uk,GB,"SWC,stalled"
2018-04-10-Aberystwyth_shell,The Unix Shell - Aberystwyth University,"Room 3.03, Physical Sciences Building, Aberystwyth University, Penglais, SY23 3BZ",GB,-4.0659,52.4159,2018-04-10,2018-04-17,6,University of Aberystwyth,aber.ac.uk,GB,SWC
2018-04-24-Aberystwyth_git,Version Control with Git - Aberystwyth University,"Room 3.03, Physical Sciences Building, Aberystwyth University, Penglais, SY23 3BZ",GB,-4.0659,52.4159,2018-04-24,2018-05-01,3,University of Aberystwyth,aber.ac.uk,GB,SWC
2018-05-08-Aberystwyth_python,Plotting and Programming in Python - Aberystwyth University,"Room 3.03, Physical Sciences Building, Aberystwyth University, Penglais, SY23 3BZ",GB,-4.0659,52.4159,2018-05-08,2018-05-15,15,University of Aberystwyth,aber.ac.uk,GB,SWC
2019-11-19-aberystwyth,Aberystwyth University,"Old College, King Street",GB,-4.08817,52.41459,2019-11-19,2019-11-20,0,University of Aberystwyth,aber.ac.uk,GB,Circuits
2019-11-06-aberystwyth,Aberystwyth University,G24 Cledwyn Building,GB,-4.06713,52.41704,2019-11-06,2019-11-13,0,University of Aberystwyth,aber.ac.uk,GB,Circuits
2013-07-15-bath,University of Bath, ,GB,-2.3263779,51.3777431,2013-07-15,2013-07-16,25,University of Bath,bath.ac.uk,GB,SWC
2018-01-xx-bath,,,GB,,,2018-01-28,2018-01-29,0,University of Bath,bath.ac.uk,GB,stalled
2017-11-xx-birmingham,,,GB,,,,,0,University of Birmingham,bham.ac.uk,GB,"SWC,stalled"
2018-07-26-python,University of Birmingham,Sportex G84,GB,-1.936395,52.448434,2018-07-26,2018-07-27,20,University of Birmingham,bham.ac.uk,GB,SWC
2018-09-24-python,University of Birmingham,"CCB Large Meeting & Teaching Room, Haworth Building (Y2)",GB,-1.934362,52.450237,2018-09-24,2018-09-25,16,University of Birmingham,bham.ac.uk,GB,SWC
2018-12-17-bham,University of Birmingham,Murray Learning Centre - UG10,GB,-1.935646,52.450693,2018-12-17,2018-12-18,21,University of Birmingham,bham.ac.uk,GB,SWC
2019-01-07-bham,University of Birmingham,Muirhead - 118,GB,-1.929322,52.451703,2019-01-07,2019-01-08,21,University of Birmingham,bham.ac.uk,GB,SWC
2019-02-11-bham,University of Birmingham,Physics Poynting - P09,GB,-1.928941,52.449875,2019-02-11,2019-02-13,20,University of Birmingham,bham.ac.uk,GB,SWC
2019-02-18-bham,University of Birmingham,Murray Learning Centre - UG08 (Monday) and LG13 (Thursday),GB,-1.935646,52.450693,2019-02-18,2019-02-21,19,University of Birmingham,bham.ac.uk,GB,SWC
2019-04-01-bham,University of Birmingham,Murray Learning Centre - LG13,GB,-1.9356966,52.45068727,2019-04-01,2019-04-01,26,University of Birmingham,bham.ac.uk,GB,SWC
2019-06-03-bham,University of Birmingham,Murray Learning Centre UG07 (3rd) and UG08 (4th),GB,-1.935646,52.450693,2019-06-03,2019-06-04,17,University of Birmingham,bham.ac.uk,GB,SWC
2019-06-19-bham,University of Birmingham,Murray Learning Centre LG13,GB,-1.935646,52.450693,2019-06-19,2019-06-20,18,University of Birmingham,bham.ac.uk,GB,SWC
2019-05-15-bham,University of Birmingham,Murray Learning Centre UG08,GB,-1.935646,52.450693,2019-05-15,2019-05-17,16,University of Birmingham,bham.ac.uk,GB,SWC
2017-xx-xx-bradford,,,GB,,,,,0,University of Bradford,bradford.ac.uk,GB,"DC,stalled"
2018-09-xx-bradford-dc,,,GB,,,,,0,University of Bradford,bradford.ac.uk,GB,cancelled
2019-10-14-bradford,University of Bradford,"F42, Richmond Building, University of Bradford",GB,-1.765402,53.79044,2019-10-14,2019-10-15,0,University of Bradford,bradford.ac.uk,GB,DC
2013-09-12-bristol,University of Bristol, ,GB,-2.601474,51.457971,2013-09-12,2013-09-13,27,University of Bristol,bristol.ac.uk,GB,SWC
2016-01-06-bristol,NERC / University of Bristol,"School of Earth Sciences, University of Bristol, Wills Memorial Building, Queens Road, Bristol BS8 1RJ. United Kingdom",GB,-2.604,51.456,2016-01-06,2016-01-08,26,University of Bristol,bristol.ac.uk,GB,SWC
2017-01-04-bristol,NERC / University of Bristol,"School of Earth Sciences, University of Bristol, Wills Memorial Building, Queens Road,Bristol BS8 1RJ",GB,-2.604,51.456,2017-01-04,2017-01-06,25,University of Bristol,bristol.ac.uk,GB,SWC
2017-01-18-bristol,NERC / University of Bristol,"School of Earth Sciences, University of Bristol, Wills Memorial Building, Queens Road,Bristol BS8 1RJ",GB,-2.604,51.456,2017-01-18,2017-01-20,23,University of Bristol,bristol.ac.uk,GB,SWC
2014-01-07-cam,"Centre for Mathematical Sciences, University of Cambridge","Wilberforce Road, Cambridge",GB,0.102439,52.209868,2014-01-07,2014-01-08,24,University of Cambridge,cam.ac.uk,GB,SWC
2014-08-26-cam,University of Cambridge,"Craik-Marshall Building, University of Cambridge, Downing Site, Cambridge, CB2 3AR",GB,0.12303,52.201893,2014-08-26,2014-08-27,25,University of Cambridge,cam.ac.uk,GB,SWC
2015-06-15-cambridge,University of Cambridge," Craik-Marshall Building, Downing Site, Cambridge",GB,0.122486,52.201965,2015-06-15,2015-06-16,38,University of Cambridge,cam.ac.uk,GB,SWC
2015-09-10-CAM,University of Cambridge,"Bioinformatics Training Room, Craik-Marshall Building, Downing Site",GB,0.122514,52.201951,2015-09-10,2015-09-11,39,University of Cambridge,cam.ac.uk,GB,DC
2016-05-16-CAM,University of Cambridge,"Bioinformatics Training Room, Craik-Marshall Building, Downing Site",GB,0.122514,52.201951,2016-05-16,2016-05-16,34,University of Cambridge,cam.ac.uk,GB,DC
2016-09-19-ttt-cambridge,University of Cambridge,"Bioinformatics Training Room, Craik-Marshall Building, Downing Site",GB,0.122492,52.201923,2016-09-19,2016-09-20,28,University of Cambridge,cam.ac.uk,GB,TTT
2017-01-18-CAM,University of Cambridge,"Bioinformatics Training Room, Craik-Marshall Building, Downing Site",GB,0.122514,52.201951,2017-01-18,2017-01-19,37,University of Cambridge,cam.ac.uk,GB,DC
2017-09-11-cambridge,University of Cambridge,"Bioinformatics Training Room, Craik-Marshall Building, Downing Site",GB,0.122514,52.201951,2017-09-11,2017-09-12,38,University of Cambridge,cam.ac.uk,GB,DC
2018-06-28-cambridge,University of Cambridge,"Bioinformatics Training Room, Craik-Marshall Building, Downing Site",GB,0.122514,52.201951,2018-06-28,2018-06-29,0,University of Cambridge,cam.ac.uk,GB,DC
2018-11-13-shell,CRUK Cambridge Institute,Room 009,GB,0.135569,52.176783,2018-11-13,2018-11-13,19,University of Cambridge,cam.ac.uk,GB,DC
2019-01-15-CRUK-Cambridge-DCinR,School of Clinical Medicine,"E-Learning3, Level 2, School of Clinical Medicine, Cambridge Biomedical Campus, Cambridge CB2 0SP",GB,0.1374,52.1869,2019-01-15,2019-01-16,18,University of Cambridge,cam.ac.uk,GB,DC
2013-12-16-dundee,University of Dundee,"College of Life Sciences, University of Dundee, Dundee DD1 5EH",GB,-2.97,56.464,2013-12-16,2013-12-17,32,University of Dundee,dundee.ac.uk,GB,SWC
2016-01-11-dundee,University of Dundee,"Room 1G04, Dalhousie Building, University of Dundee, Dundee, Scotland, UK, DD1 5EN",GB,-2.981928,56.459409,2016-01-11,2016-01-12,29,University of Dundee,dundee.ac.uk,GB,SWC
2017-01-09-dundee,University of Dundee,"Room 1G04, Dalhousie Building, University of Dundee, Dundee, Scotland, UK, DD1 5EN",GB,-2.981928,56.459409,2017-01-09,2017-01-10,28,University of Dundee,dundee.ac.uk,GB,SWC
2018-03-20-dundee,,,GB,,,2018-03-20,2018-03-21,0,University of Dundee,dundee.ac.uk,GB,SWC
2018-09-05-dundee,University of Dundee,"Dalhousie Building, 75 Old Hawkhill, Dundee DD1 5EN",GB,-2.9821926,56.4594378,2018-09-05,2018-09-07,0,University of Dundee,dundee.ac.uk,GB,cancelled
2012-12-04-edinburgh,University of Edinburgh, ,GB,-3.1911838,55.9453279,2012-12-04,2012-12-05,36,University of Edinburgh,ed.ac.uk,GB,SWC
2013-12-03-edinburgh,University of Edinburgh,"Room 3217, James Clark Maxwell Building, Kings Buildings, Mayfield Road, Edinburgh, EH9 3JZ",GB,-3.174155,55.921628,2013-12-03,2013-12-04,34,University of Edinburgh,ed.ac.uk,GB,SWC
2014-12-03-edinburgh,University of Edinburgh,"Room 3217, James Clerk Maxwell Building, Peter Guthrie Tait Road, Edinburgh, EH9 3FD",GB,-3.174155,55.921628,2014-12-03,2014-12-04,35,University of Edinburgh,ed.ac.uk,GB,SWC
2015-11-25-edinburgh,University of Edinburgh,"Room 4325D, James Clerk Maxwell Building, Peter Guthrie Tait Road, Edinburgh, EH9 3FD.",GB,-3.173654,55.921862,2015-11-25,2015-11-26,40,University of Edinburgh,ed.ac.uk,GB,SWC
2016-02-16-EPCC,University of Edinburgh (EPCC),"University of Edinburgh, Room 1026c, James Clerk Maxwell Building, King's Buildings, Peter Guthrie Tait Road, Edinburgh, EH9 3FD",GB,-3.1738225,55.9216414,2016-02-16,2016-02-17,22,University of Edinburgh,ed.ac.uk,GB,SWC
2016-05-04-instructor-training-ssi,University of Edinburgh,"Room 4325C, James Clerk Maxwell Building, The University of Edinburgh",GB,-3.174546,55.92155,2016-05-04,2016-05-05,15,University of Edinburgh,ed.ac.uk,GB,TTT
2016-08-22-edinburgh,University of Edinburgh,"Main Library at 30 George Square, Edinburgh EH8 9LJ",GB,-3.189147,55.942828,2016-08-22,2016-08-23,24,University of Edinburgh,ed.ac.uk,GB,DC
2016-08-24-edinburgh,University of Edinburgh,"Main Library at 30 George Square, Edinburgh EH8 9LJ",GB,-3.189147,55.942828,2016-08-24,2016-08-25,24,University of Edinburgh,ed.ac.uk,GB,SWC
2016-10-17-edinburgh,"CoDiMa - International Centre for Mathematical Sciences, Edinburgh","15 South College Street, Edinburgh, EH8 9AA",GB,-3.187138,55.946993,2016-10-17,2016-10-18,26,University of Edinburgh,ed.ac.uk,GB,SWC
2015-06-10-sgpe,University of Edinburgh,"James Clerk Maxwell Building, room 1.1206C, King's Buildings, Edinburgh EH9 3JZ",GB,-3.173641,55.921552,2015-06-10,2015-06-11,0,University of Edinburgh,ed.ac.uk,GB,"SWC,unresponsive"
2018-02-19-edinburgh,The University of Edinburgh,Hudson Beare Classroom 8 (ground floor),GB,-3.171358,55.92253,2018-02-19,2018-02-20,22,University of Edinburgh,ed.ac.uk,GB,SWC
2018-05-14-edinburgh,University of Edinburgh,"Room EW06/07, Argyle House, Lady Lawson Street, Edinburgh",GB,-3.2032139,55.9465787,2018-05-14,2018-05-15,25,University of Edinburgh,ed.ac.uk,GB,LC
2018-09-11-edinburgh,The University of Edinburgh,"James Clerk Maxwell Building, Peter Guthrie Tait Road, Edinburgh",GB,-3.173591,55.921711,2018-09-11,2018-09-12,36,University of Edinburgh,ed.ac.uk,GB,SWC
2018-09-13-edinburgh,The University of Edinburgh,"Teaching Studio LG.07, David Hume Tower, George Sq, EH8 9JX, Edinburgh",GB,-3.19018,55.94424,2018-09-13,2018-09-14,46,University of Edinburgh,ed.ac.uk,GB,DC
2018-06-12-Edinburgh,University of Edinburgh,"LG.07 Teaching Studio, David Hume Tower,  George Square, Edinburgh, EH8 9JX",GB,-3.186577,55.943198,2018-06-12,2018-06-13,22,University of Edinburgh,ed.ac.uk,GB,DC
2019-01-23-edinburgh-geosc-sc,"University of Edinburgh, GeoSciences (Drummond St)","Room 2.02, Old Infirmary (Geography), 1 Drummond Street, Edinburgh, EH8 9XP",GB,-3.183886,55.948253,2019-01-23,2019-01-24,22,University of Edinburgh,ed.ac.uk,GB,SWC
2018-10-08-edinburgh-igmm-shell,"Western General Hospital, Ediniburgh","Computing Lab 1, Medical Education Centre, Crewe Rd S, Edinburgh EH4 2XU",GB,-3.23186,55.96286,2018-10-09,2018-10-09,22,University of Edinburgh,ed.ac.uk,GB,SWC
2018-11-06-edinburgh-igmm-python,"Computing Lab 1, Medical Education Centre","Crewe Rd S, Edinburgh EH4 2XU",GB,-3.23186,55.96286,2018-11-06,2018-11-07,24,University of Edinburgh,ed.ac.uk,GB,SWC
2018-11-21-edinburgh-igmm-git,"Western General Hospital, Ediniburgh","Computing Lab 1, Medical Education Centre, Crewe Rd S, Edinburgh EH4 2XU",GB,-3.23186,55.96286,2018-11-21,2018-11-21,23,University of Edinburgh,ed.ac.uk,GB,SWC
2018-12-06-edinburgh-dc-genomics,University of Edinburgh,"Teaching Studio 3217, James Clerk Maxwell Building, Kings Buildings, Peter Guthrie Tait Road, Edinburgh",GB,,,2018-12-06,2018-12-07,0,University of Edinburgh,ed.ac.uk,GB,"DC,Pilot"
2019-02-18-edinburgh-business-school,The University of Edinburgh - Business School,"1.12 Computer Teaching Lab. University of Edinburgh. Business School. 29 Buccleuch Place, Edinburgh, Lothian EH8 9JS",GB,,,2019-02-18,2019-02-19,35,University of Edinburgh,ed.ac.uk,GB,DC
2019-02-07-Edinburgh-OpenRefine,The University of Edinburgh - Lister Learning and Teaching Centre (Central Area),"2.14 - Teaching Studio, Lister Learning and Teaching Centre (Central Area). 5 Roxburgh Place, Edinburgh, EH8 9SU",GB,-3.184586,55.947457,2019-02-07,2019-02-07,17,University of Edinburgh,ed.ac.uk,GB,DC
2019-02-20-edinburgh-sbs-dc,"The University of Edinburgh, School of Biological Sciences","Room 4325C, James Clerk Maxwell Building, Peter Guthrie Tait Road, Edinburgh, EH9 3FD",GB,-3.173672,55.921804,2019-02-20,2019-02-28,45,University of Edinburgh,ed.ac.uk,GB,DC
2019-04-23-Edinburgh-Dc-Genomics,University of Edinburgh,TBC,GB,,,2019-04-23,2019-05-01,30,University of Edinburgh,ed.ac.uk,GB,"DC,Pilot"
2019-06-04-edinburgh,Edinburgh University,Edinburgh,GB,-1.260328,51.764476,2019-06-04,2019-06-05,21,University of Edinburgh,ed.ac.uk,GB,DC
2019-05-06-edinburgh,The University of Edinburgh,"Teaching Studio Room 1.16, Lister Learning and Teaching Centre, University of Edinburgh",GB,-3.184216,55.946934,2019-05-06,2019-05-07,11,University of Edinburgh,ed.ac.uk,GB,DC
2019-06-19-edinburgh-git,University of Ediniburgh,"JCMB 4325C (Kings Buildings), Peter Guthrie Tait Road, Edinburgh, EH9 3FD",GB,-3.173319,55.921807,2019-06-19,2019-06-19,0,University of Edinburgh,ed.ac.uk,GB,SWC
2019-09-04-edinburgh-swc,University of Edinburgh,"Teaching Studio 3217, James Clerk Maxwell Building, Peter Guthrie Tait Road, Edinburgh",GB,-3.173591,55.921711,2019-09-04,2019-09-05,30,University of Edinburgh,ed.ac.uk,GB,SWC
2019-09-26-edinburgh-swc,School of Chemistry: Python and Unix Shell,"Joseph Black building T40 and G.09, Kings Buildingings",GB,-3.173591,55.921711,2019-09-26,2019-09-27,0,University of Edinburgh,ed.ac.uk,GB,SWC
2019-10-07-unixshell,"Medical Education Centre, Computing Lab","MEC, The Anne. Ferguson Building. WGH",GB,-3.234058,55.962345,2019-10-07,2019-10-07,0,University of Edinburgh,ed.ac.uk,GB,Circuits
2019-10-09-edinburgh-igmm-git,"IGMM, The University of Edinburgh","Medical Education Centre, Computing Lab, Western General Hospital",GB,-3.233449,55.96219,2019-10-09,2019-10-09,0,University of Edinburgh,ed.ac.uk,GB,SWC
2019-11-12-edinburgh-sbs,"JCMB, King's Buildings (various rooms)","James Clerk Maxwell Building, Peter Guthrie Tait Road, Edinburgh, EH9 3FD",GB,-3.17441,55.921864,2019-11-12,2019-11-20,0,University of Edinburgh,ed.ac.uk,GB,SWC
2013-11-14-exeter,University of Exeter,"Reed Hall, Streatham Drive, Exeter, Devon EX4 4QR",GB,-3.535033,50.735788,2013-11-14,2013-11-15,23,University of Exeter,exeter.ac.uk,GB,SWC
2017-09-26-Exeter,"Streatham Campus, University of Exeter","Stocker Road, Exeter, EX4 4QD",GB,-3.53424,50.736981,2017-09-26,2017-09-27,32,University of Exeter,exeter.ac.uk,GB,SWC
2014-12-11-ugsupa,University of Glasgow,"Lab 323, Kelvin Building, G12 8SU",GB,-4.291651,55.871709,2014-12-11,2014-12-12,14,University of Glasgow,gla.ac.uk,GB,SWC
2017-10-16-Glasgow,"University of Glasgow, Future of Computational Science Event","Level 5, School of Computing Science, Sir Alwyn Williams Building, University of Glasgow, Glasgow, G12 8QQ",GB,-4.291815,55.87389,2017-10-16,2017-10-17,20,University of Glasgow,gla.ac.uk,GB,SWC
2016-01-11-huddersfield,University of Huddersfield,"School of Applied Sciences, Huddersfield, HD1 3DH",GB,-1.778514,53.642603,2016-01-11,2016-01-12,21,University of Huddersfield,hud.ac.uk,GB,SWC
2014-11-24-leeds,NERC / University of Leeds,"Charles Thackrah Building, University of Leeds, Leeds, LS2 9JT",GB,-1.5607,53.807,2014-11-24,2014-11-25,20,University of Leeds,leeds.ac.uk,GB,SWC
2015-01-14-leeds,NERC / University of Leeds,"School of Earth and Environment, University of Leeds, Leeds, LS2 9JT",GB,-1.5557,53.8057,2015-01-14,2015-01-15,22,University of Leeds,leeds.ac.uk,GB,SWC
2015-08-26-leeds,NERC / University of Leeds,"School of Earth and Environment, University of Leeds, Leeds, LS2 9JT",GB,-1.5557,53.8057,2015-08-26,2015-08-28,23,University of Leeds,leeds.ac.uk,GB,SWC
2015-09-10-leeds,The University of Leeds - Advanced Research Computing,"Liberty Building G33, University of Leeds Business School, LS6 1AN",GB,-1.562384,53.808283,2015-09-10,2015-09-11,22,University of Leeds,leeds.ac.uk,GB,SWC
2015-10-29-Leeds-DC,University of Leeds,TBC,GB,-1.555022,53.806485,2015-10-29,2015-10-30,39,University of Leeds,leeds.ac.uk,GB,DC
2015-09-14-ttt-leeds,,,GB,,,2015-09-14,2015-09-15,18,University of Leeds,leeds.ac.uk,GB,TTT
2016-01-18-leeds,NERC / University of Leeds,"School of Earth and Environment, University of Leeds, Leeds, LS2 9J",GB,-1.5557,53.8057,2016-01-18,2016-01-20,25,University of Leeds,leeds.ac.uk,GB,SWC
2016-04-18-leeds,University of Leeds,"Woodhouse Lane, Leeds, LS2 9JT",GB,-1.55231,53.808116,2016-04-18,2016-04-19,18,University of Leeds,leeds.ac.uk,GB,SWC
2016-06-27-leeds,NERC / University of Leeds,"EC Stoner Building, The University of Leeds, Leeds, LS2 9JT",GB,-1.552041,53.805495,2016-06-27,2016-06-28,24,University of Leeds,leeds.ac.uk,GB,SWC
2016-06-29-leeds,NERC / University of Leeds,"School of Earth and Environment, The University of Leeds, Leeds, LS2 9JT",GB,-1.555464,53.805573,2016-06-29,2016-07-01,27,University of Leeds,leeds.ac.uk,GB,SWC
2016-06-16-leeds,University of Leeds,"Liberty Building, Western Campus, University of Leeds, LS2 9JT",GB,-1.562333,53.808225,2016-06-16,2016-06-17,12,University of Leeds,leeds.ac.uk,GB,SWC
2016-06-23-leeds,University of Leeds,"School of Mechanical Engineering (5th floor cluster, room 5.34), Woodhouse Lane, Leeds, LS2 9JT",GB,-1.555563,53.809847,2016-06-23,2016-06-24,22,University of Leeds,leeds.ac.uk,GB,SWC
2016-09-14-leeds,University of Leeds,"University of Leeds, Leeds, West Yorkshire, LS29JT",GB,-1.555464,53.805573,2016-09-14,2016-09-16,0,University of Leeds,leeds.ac.uk,GB,cancelled
2016-11-21-leeds,University of Leeds,"IT Services Building, Room 8.03b (IT Meeting Room 1)",GB,-1.554303,53.805658,2016-11-21,2016-11-22,15,University of Leeds,leeds.ac.uk,GB,DC
2017-04-20-leeds,University of Leeds,"School of Mechanical Engineering (5th floor cluster, room 5.34), Woodhouse Lane, Leeds, LS2 9JT",GB,-1.555563,53.809847,2017-04-20,2017-04-21,25,University of Leeds,leeds.ac.uk,GB,SWC
2017-05-08-leeds,University of Leeds,"Woodhouse Lane, Leeds, LS2 9JT",GB,-1.55231,53.808116,2017-05-08,2017-05-09,18,University of Leeds,leeds.ac.uk,GB,SWC
2017-07-03-ngb-leeds,University of Leeds,"Fourman Cluster (room 8.49), Worsley Building, Clarendon Way, Leeds LS2 9JT",GB,-1.555145,53.80361,2017-07-03,2017-07-05,18,University of Leeds,leeds.ac.uk,GB,SWC
2018-04-18-ttt-leeds,The University of Leeds,"Liberty Building 1.14, University of Leeds Western Campus, Moorland Rd, Leeds LS3 1DB",GB,-1.5709498,53.808152,2018-04-09,2018-04-10,5,University of Leeds,leeds.ac.uk,GB,TTT
2019-09-25-ttt-leeds,The University of Leeds,"Emmanuel Centre seminar room 11, 1a Cavendish Rd, Leeds LS2 3AR",GB,-1.552273,53.807195,2019-09-25,2019-09-26,0,University of Leeds,leeds.ac.uk,GB,TTT
2018-02-26-Leicester,ARCHER Software Carpentry @ The University of Leicester,"IT Room 2, David Wilson Library, University Rd, Leicester, LE1 9QD",GB,-1.124965,52.620365,2018-02-26,2018-02-27,0,University of Leicester,le.ac.uk,GB,SWC
2014-11-17-liverpool,University of Liverpool,"Foresight Centre, 1 Brownlow Street, Liverpool, L69 3GL",GB,-2.9723748,53.4087914,2014-11-17,2014-11-18,30,University of Liverpool,liv.ac.uk,GB,SWC
2013-04-18-manchester,University of Manchester, ,GB,-2.2416052,53.4783491,2013-04-18,2013-04-19,28,University of Manchester,manchester.ac.uk,GB,SWC
2014-01-14-manchester,University of Manchester,"Room IT407, Information Technology Building, University of Manchester, Oxford Road, M13 9PL",GB,-2.233154,53.467972,2014-01-14,2014-01-15,19,University of Manchester,manchester.ac.uk,GB,SWC
2014-11-10-manchester,"The Nowgen Centre, University of Manchester","29 Grafton Street, Manchester, M13 9WU",GB,-2.227592,53.463651,2014-11-10,2014-11-14,29,University of Manchester,manchester.ac.uk,GB,SWC
2014-11-27-elixiruk-manchester,University of Manchester,"Atlas 1-2 Room, Kilburn Building, Oxford Road, M13 9PL Manchester",GB,-2.233876,53.467293,2014-11-27,2014-11-28,29,University of Manchester,manchester.ac.uk,GB,SWC
2015-02-03-CDT-reg-medicine,"EPSRC & MRC Centre for Doctoral Training in Regenerative Medicine, University of Manchester","Room C24 in the Sackville St Building, Sackville Street, Manchester",GB,-2.2374,53.4773,2015-02-03,2015-02-04,11,University of Manchester,manchester.ac.uk,GB,SWC
2015-11-16-manchester-codima,CoDiMa - University of Manchester,"University Place, Oxford Road, Manchester",GB,-2.233717,53.466758,2015-11-16,2015-11-17,22,University of Manchester,manchester.ac.uk,GB,SWC
2015-11-09-manchester,University of Manchester,"PC Cluster 2 bay D, Stopford Building, Oxford Road, Manchester, M13 9PT",GB,-2.230779,53.464141,2015-11-09,2015-11-10,9,University of Manchester,manchester.ac.uk,GB,SWC
2015-12-wise-uk,ARCHER and SSI workshop for Women in Science and Engineering,"Atlas and Collab1 rooms, Kilburn Building, Oxford Road,  M13 9PL Manchester",GB,-2.233876,53.467293,2015-12-14,2015-12-15,34,University of Manchester,manchester.ac.uk,GB,"SWC,WiSE"
2015-11-23-instructor-training-manchester,University of Manchester,"Atlas Rooms 1 and 2, Kilburn Building, School of Computer Science, University of Manchester, Oxford Road, Manchester M13 9PL",GB,-2.233924,53.467674,2015-11-23,2015-11-24,25,University of Manchester,manchester.ac.uk,GB,TTT
2016-03-10-CDT-reg-medicine,"EPSRC & MRC Centre for Doctoral Training in Regenerative Medicine, University of Manchester","Room C24, Sackville St Building, Sackville Street, Manchester",GB,-2.234798,53.47614,2016-03-10,2016-03-11,10,University of Manchester,manchester.ac.uk,GB,SWC
2017-01-xx-bradford,"J.B. Priestley - Floor 01, Room 01.53","University of Bradford, BF7 1DP, UK",GB,,,,,0,University of Manchester,manchester.ac.uk,GB,stalled
2016-11-07-manchester,University of Manchester,"PC 1, Stopford Building, Oxford Road, Manchester, M13 9PT",GB,-2.230349,53.463982,2016-11-07,2016-11-08,13,University of Manchester,manchester.ac.uk,GB,SWC
2017-03-02-manchester,"EPSRC & MRC Centre for Doctoral Training in Regenerative Medicine, University of Manchester","C24 Sackville St Building, 60 Sackville St, Manchester M1 3WE",GB,-2.234747,53.475809,2017-03-02,2017-03-03,11,University of Manchester,manchester.ac.uk,GB,SWC
2017-03-30-manchester,"Cathie Marsh Institute for Social Research, University of Manchester","HBS Basement Lab, School of Social Sciences, Humanities Bridgeford St. Building, Manchester, M13 9PL",GB,-2.23654,53.466657,2017-03-30,2017-03-31,14,University of Manchester,manchester.ac.uk,GB,DC
2017-09-04-ttt-manchester,University of Manchester,"Collab 1, Kilburn Building, Oxford Road, Manchester M13 9PL",GB,-2.234087,53.46738,2017-09-04,2017-09-04,22,University of Manchester,manchester.ac.uk,GB,TTT
2017-11-06-manchester,University of Manchester,"PC Cluster 1, Stopford Building, 99 Oxford Rd, Manchester M13 9PG",GB,-2.2296408,53.4640904,2017-11-06,2017-11-07,15,University of Manchester,manchester.ac.uk,GB,SWC
2017-12-14-MAN-SS-PILOT01,University of Manchester,Humanities Bridgeford St. (Building 35),GB,-2.236463,53.466722,2017-12-14,2017-12-15,13,University of Manchester,manchester.ac.uk,GB,DC
2018-03-08-manchester-swc,University of Manchester,"Room C24, Sackville Street Building, 60 Sackville Street, Manchester M1 3WE",GB,-2.234798,53.47614,2018-03-08,2018-03-09,20,University of Manchester,manchester.ac.uk,GB,SWC
2018-01-29-MAN-SS-PILOT02,University of Manchester,HBS,GB,-2.236463,53.466722,2018-01-29,2018-01-30,6,University of Manchester,manchester.ac.uk,GB,DC
2018-05-15-swc-manchester,University of Manchester,"School of Computer Science, IT Building, Room IT407, Oxford Road, M13 9PL",GB,-2.234033,53.467376,2018-05-15,2018-05-16,23,University of Manchester,manchester.ac.uk,GB,SWC
2018-07-03-manchester,Software Carpentry workshop - University Of Manchester,"Room 3.214, Univeristy Place, Wilmslow Road, Manchester",GB,-2.233305,53.466945,2018-07-03,2018-07-04,17,University of Manchester,manchester.ac.uk,GB,SWC
2018-07-19-ss-dc-manchester,"Basement Lab, Humanities Bridgeford St. Building, Cathie Marsh Institute for Social Research",University of Manchester,GB,-2.236463,53.466722,2018-07-19,2018-07-20,21,University of Manchester,manchester.ac.uk,GB,DC
2018-11-19-manchester,University of Manchester,"Stopford Building, 99 Oxford Rd, Manchester M13 9PG",GB,-2.2296408,53.4640904,2018-11-19,2018-11-20,21,University of Manchester,manchester.ac.uk,GB,SWC
2018-11-30-Manchester,The University of Manchester Library,"Teaching suite 4.1,The University of Manchester Library, Oxord road, Manchester, M13 9PP",GB,-2.23743,53.48095,2018-11-30,2018-11-30,29,University of Manchester,manchester.ac.uk,GB,LC
2019-02-21-manchester,University Of Manchester,"C24, Sackville Street Building, Granby Row, Manchester, UK",GB,-2.23603,53.47634,2019-02-21,2019-02-22,11,University of Manchester,manchester.ac.uk,GB,SWC
2019-05-09-manchester,University Of Manchester,"5.211, University Place, Oxford Road, Manchester, UK and 3.62 Simon Building, Oxford Road, Manchester, UK",GB,-2.233694,53.466817,2019-05-09,2019-05-10,8,University of Manchester,manchester.ac.uk,GB,SWC
2019-09-30-Manchester,,,GB,,,2019-08-30,2019-08-31,0,University of Manchester,manchester.ac.uk,GB,DC
2019-08-30-EEA-Manchester,Data Wrangling for Economists (EEA Annual Congress),"University of Manchester, University Place, Room 1.219",GB,-2.233884,53.46685,2019-08-30,2019-08-30,0,University of Manchester,manchester.ac.uk,GB,"DC,Pilot"
2019-10-08-ttt-manchester,University Of Manchester,"Atlas room 1, Kilburn Building, Oxford Road, Manchester, M13 9PL",GB,-2.244644,53.483959,2019-10-08,2019-10-09,0,University of Manchester,manchester.ac.uk,GB,TTT
2019-12-11-durham,Library Carpentry NE England at Durham University,"Bill Bryson Library, Stockton Road, Durham, Durham, DH1 3LY",GB,-1.573079,54.768265,2019-12-11,2019-12-11,0,University of Manchester,manchester.ac.uk,GB,Circuits
2019-11-28-Cranfield,Cranfield University,"CMRI Gallery, Building 38, Cranfield MK43 0AL",GB,-0.6304773,52.0746169,2019-11-28,2019-11-29,0,University of Manchester,manchester.ac.uk,GB,DC
2019-12-12-Manchester,Cathie Marsh Institute for Social Research,"Basement Lab, Humanities Bridgeford St. Building, Manchester",GB,-2.2360777,53.466853,2019-12-12,2019-12-13,0,University of Manchester,manchester.ac.uk,GB,DC
2019-11-18-manchester,University of Manchester,"Stopford Building G.321 PC Cluster 2C, University of Manchester, Oxford Rd, Manchester M13 9PL",GB,-2.230456,53.464003,2019-11-18,2019-11-19,0,University of Manchester,manchester.ac.uk,GB,SWC
2012-05-14-newcastle,Newcastle University, ,GB,-1.6146142,54.980095,2012-05-14,2012-05-15,41,University of Newcastle,ncl.ac.uk,GB,SWC
2012-10-22-newcastle,Newcastle University,,GB,-1.6146142,54.980095,2012-10-22,2012-10-23,31,University of Newcastle,ncl.ac.uk,GB,SWC
2014-07-10-Nottingham,University of Nottingham,"University Park, NG7 2RD, Nottingham",GB,-1.195158,52.938636,2014-07-10,2014-07-11,25,University of Nottingham,nottingham.ac.uk,GB,SWC
2016-10-05-nottingham,University of Nottingham,"Room B09, Sutton Bonington Campus, University of Nottingham, Loughborough, LE12 5RD, UK",GB,-1.250765,52.831714,2016-10-05,2016-10-06,21,University of Nottingham,nottingham.ac.uk,GB,SWC
2012-10-30-oxford,University of Oxford,New Biochemistry,GB,-1.2569052,51.7571373,2012-10-30,2012-10-31,19,University of Oxford,ox.ac.uk,GB,SWC
2013-05-09-oxford,University of Oxford, ,GB,-1.258648,51.759865,2013-05-09,2013-05-10,33,University of Oxford,ox.ac.uk,GB,SWC
2015-01-13-oxford,Oxford University,"Wellcome Trust for Human Genetics, Roosevelt Drive, Oxford, OX3 7BN",GB,-1.215238,51.75211,2015-01-13,2015-01-14,28,University of Oxford,ox.ac.uk,GB,SWC
2015-01-14-oxford,University of Oxford,"Atmospheric Oceanic and Planetary Physics Department, Dobson Room, Atmospheric Physics Building, Sherrington Road, Oxford",GB,-1.25596,51.759155,2015-01-14,2015-01-15,67,University of Oxford,ox.ac.uk,GB,SWC
2015-09-28-oxford,University of Oxford,"South Parks Road, OX1 3PS",GB,-1.2511766,51.7590106,2015-09-28,2015-09-29,25,University of Oxford,ox.ac.uk,GB,SWC
2016-07-12-Oxford,University of Oxford,"Herbertson Room, School of Geography and the Environment",GB,-1.257726,51.752021,2016-07-12,2016-07-13,32,University of Oxford,ox.ac.uk,GB,SWC
2016-12-05-oxford,"Medical Sciences Teaching Centre, University of Oxford","Medical Sciences Teaching Centre, Lower Ground Seminar Rooms (LGa and LGb), Sherard Road (off South Parks Road), Oxford, OX1 3PL",GB,-1.251356,51.760109,2016-12-05,2016-12-07,22,University of Oxford,ox.ac.uk,GB,SWC
2016-11-14-oxford,University of Oxford,,GB,,,2016-11-14,2016-11-15,0,University of Oxford,ox.ac.uk,GB,stalled
2017-03-16-ttt-oxford,University of Oxford,"IT Suite, Manor Road Building, Manor Road, Oxford, OX1 3UQ",GB,-1.246788,51.757295,2017-03-16,2017-03-17,24,University of Oxford,ox.ac.uk,GB,TTT
2017-09-26-oxford,University of Oxford,"Department of Anthropology,64 Banbury Road, Oxford OX2 6PE",GB,-1.260328,51.764476,2017-09-26,2017-09-27,13,University of Oxford,ox.ac.uk,GB,DC
2018-01-11-oxford,University of Oxford,"Meeting Room L1Ax, BDI Building, Old Road Campus, Headington",GB,-1.214858,51.752771,2018-01-11,2018-01-11,0,University of Oxford,ox.ac.uk,GB,SWC
2018-09-06-oxford,University of Oxford,"Seminar Rooms 1-2, Level 2, New Radcliffe House, 49 Walton Street, Oxford OX2 6AE",GB,-1.266539,51.760206,2018-09-06,2018-09-07,30,University of Oxford,ox.ac.uk,GB,SWC
2018-10-17-oxford,,,,,,2018-10-17,2018-10-18,0,University of Oxford,ox.ac.uk,GB,cancelled
2018-10-17-oxford-swc,Software Carpentry @ Oxford University,"Oxford e-Research Centre (7 Keble Road ,Oxford, OX1 3QG)",GB,-1.258617,51.760053,2018-10-17,2018-10-18,20,University of Oxford,ox.ac.uk,GB,SWC
2019-03-19-oxford,University of Oxford,"1st Floor Seminar Room, Institute of Biomedical Engineering, Old Road Campus Research Building, Roosevelt Drive, OX3 7DQ",US,-1.215058,51.7517961,2019-03-19,2019-03-20,0,University of Oxford,ox.ac.uk,GB,cancelled
2019-04-25-rosario,FIXME,FIXME,FI,-60.650539,-32.944244,2019-04-25,2019-04-26,0,University of Oxford,ox.ac.uk,GB,SWC
2019-03-26-WIMM-Python,MRC Weatherall Institute of Molecular Medicine,"Conference Room, WIMM, JR Hospital, Oxford",GB,-1.216999,51.76337,2019-05-14,2019-06-04,12,University of Oxford,ox.ac.uk,GB,SWC
2019-05-22-oxford,"School of Archaeology, University of Oxford","Mary Sunley Building, St Catherine’s College, Manor Road, Oxford, OX1 3UJ",GB,-1.2473,51.75682,2019-05-22,2019-05-23,14,University of Oxford,ox.ac.uk,GB,SWC
2015-12-14-Portsmouth,University of Portsmouth,"University of Portsmouth, Room DS1.09, Dennis Sciama Bldg, Burnaby Road, Portsmouth, P01 3FX",GB,-1.098289,50.797656,2015-12-14,2015-12-15,28,University of Portsmouth,port.ac.uk,GB,SWC
2014-06-25-Reading,University of Reading,"Department of Meteorology, Whiteknights, Earley Gate,Reading, RG6 7BE, Berkshire",GB,-0.9456,51.4419,2014-06-25,2014-06-26,27,University of Reading,reading.ac.uk,GB,SWC
2017-08-16-sheffield,University of Sheffield,"Workroom 1 (G04), Diamond, 32 Leavygreave Rd, Sheffield S3 7RD",GB,-1.4817909,53.3815906,2017-08-16,2017-08-17,28,University of Sheffield,shef.ac.uk,GB,SWC
2017-07-26-Sheffield,University of Sheffield,"Bartolomé House, Winter Street, Sheffield, S3",GB,-1.488683,53.384498,2017-07-26,2017-07-27,20,University of Sheffield,shef.ac.uk,GB,DC
2017-03-07-sheffield-lc,University of Sheffield,"Information Commons, University of Sheffield, Sheffield",GB,-1.484577,53.381786,2017-03-07,2017-03-23,51,University of Sheffield,shef.ac.uk,GB,LC
2018-11-26-sheffield,University of Sheffield,"Pam Liversidge Building, Design Studio 1, D06, Corner of Broad Lane and Newcastle Street, Sheffield S1 3JD",GB,-1.477762,53.382624,2018-11-26,2018-11-27,0,University of Sheffield,shef.ac.uk,GB,"SWC,cancelled"
2013-06-03-southampton,University of Southampton, ,GB,-1.395599,50.937716,2013-06-03,2013-06-04,48,University of Southampton,southampton.ac.uk,GB,SWC
2014-05-08-soton,National Oceanography Centre,"Waterfront Campus, European Way, Southampton, Hampshire, SO14 3ZH",GB,-1.39494,50.893131,2014-05-08,2014-05-09,39,University of Southampton,southampton.ac.uk,GB,SWC
2015-09-17-southampton,University of Southampton,"Room 3077, Building 32,",GB,-1.396167,50.934039,2015-09-17,2015-09-18,37,University of Southampton,southampton.ac.uk,GB,SWC
2015-12-15-Southampton,University of Southampton,"Room 2207 & Room 2209, Building 85",GB,-1.396227,50.934345,2015-12-15,2015-12-15,74,University of Southampton,southampton.ac.uk,GB,SWC
2016-08-31-southampton,University of Southampton,"Room 3077, Building 32",GB,-1.396227,50.934345,2016-08-31,2016-09-01,22,University of Southampton,southampton.ac.uk,GB,SWC
2016-11-01-southampton,University of Southampton,"Highfield House Hotel, 119 Highfield Lane",GB,-1.395988,50.9275813,2016-11-01,2016-11-02,21,University of Southampton,southampton.ac.uk,GB,SWC
2017-08-01-southampton-swc,University of Southampton,"Room 2207/2209, Building 85 (Biological Sciences Building)",GB,-1.395341,50.936484,2017-08-01,2017-08-02,25,University of Southampton,southampton.ac.uk,GB,SWC
2017-08-01-southampton-dc,University of Southampton,"Room 2207/2209, Building 85 (Biological Sciences Building)",GB,-1.395341,50.936484,2017-08-01,2017-08-02,46,University of Southampton,southampton.ac.uk,GB,DC
2017-12-05-ttt-southampton,University of Southampton,"Room 3011, Building 34, Highfield Campus, University of Southampton",GB,-1.39535,50.934433,2017-12-05,2017-12-06,18,University of Southampton,southampton.ac.uk,GB,TTT
2017-11-08-southampton-swc,University of Southampton,Old Thorns Manor Hotel Gold & Country Estate,GB,-0.832234,51.074874,2017-11-08,2017-11-09,17,University of Southampton,southampton.ac.uk,GB,SWC
2018-04-12-southampton-swc,University of Southampton,Building 67 / room 1007 and Building 32 / room 3077,GB,-1.3966,50.936714,2018-04-12,2018-04-13,0,University of Southampton,southampton.ac.uk,GB,SWC
2018-09-18-southampton-swc,University of Southampton,Lab G1 (166/21),GB,-1.39459,50.89267,2018-09-12,2018-09-13,21,University of Southampton,southampton.ac.uk,GB,SWC
2019-12-16-southampton-swc,"B32/3077, Highfield Campus",,GB,,,2019-12-16,2019-12-17,0,University of Southampton,southampton.ac.uk,GB,SWC
2019-11-19-southampton-swc,Astronomy & Astrophysics,"Seminar Room, Building 46",GB,-1.39595,50.93463,2019-11-19,2019-11-19,0,University of Southampton,southampton.ac.uk,GB,Circuits
2015-06-18-StAndrews,University of St Andrews,"School of Physics and Astronomy, University of St Andrews, North Haugh, St Andrewws, KY16 9SS, Scotland",GB,-2.807146,56.340085,2015-06-18,2015-06-19,29,University of St. Andrews,st-andrews.ac.uk,GB,SWC
2017-03-23-standrews,University of St Andrews,"Bute Annexe - CAPOD Training room 4 (beside front entrance of Bute Building, Queen's Terrace, St Andrews KY16 9TS)",GB,-2.794065,56.337475,2017-03-23,2017-03-24,20,University of St. Andrews,st-andrews.ac.uk,GB,SWC
2017-05-18-standrews,University of St Andrews,"Lecture Room 2, The Gateway, North Haugh, St Andrews, KY16 9RJ",GB,-2.809338,56.34124,2017-05-18,2017-05-20,13,University of St. Andrews,st-andrews.ac.uk,GB,SWC
2017-12-04-standrews,University of St Andrews,Room TBC,GB,-2.809338,56.34124,2017-12-04,2017-12-06,17,University of St. Andrews,st-andrews.ac.uk,GB,SWC
2018-03-29-standrews,University of St Andrews,"Lecture Theatre 2, The Gateway, University of St Andrews, North Haugh, St Andrews, Fife, KY16 9RJ",GB,-2.809415,56.341241,2018-03-29,2018-03-30,0,University of St. Andrews,st-andrews.ac.uk,GB,SWC
2018-11-xx-st-andrews-swc,,,GB,,,,,0,University of St. Andrews,st-andrews.ac.uk,GB,"SWC,stalled"
2018-11-27-standrews,University of St Andrews,"Parliament Hall, University of St Andrews, St Mary's College, St Andrews, KY16 9JU",GB,-2.793983,56.339324,2018-11-27,2018-11-28,30,University of St. Andrews,st-andrews.ac.uk,GB,SWC
2018-12-10-standrews,University of St Andrews,"Seminar Rooms 1 & 2, School of Medicine, University of St Andrews, North Haugh, St Andrews, Fife, KY16 9TF. Scotland UK",GB,-2.807981,56.340783,2018-12-10,2018-12-11,50,University of St. Andrews,st-andrews.ac.uk,GB,SWC
2019-05-02-standrews,University of St Andrews,"Lecture Theatre 3, The Gateway, North Haugh, St Andrews, Fife, KY16 9RJ, Scotland, UK",GB,-2.809327,56.341199,2019-05-02,2019-05-03,19,University of St. Andrews,st-andrews.ac.uk,GB,SWC
2019-05-30-standrews,University of St Andrews,"Parliament Hall, University of St Andrews, St Mary's College, St Andrews, Fife, KY16 9JU, Scotland, UK",GB,-2.793957,56.339308,2019-05-30,2019-05-31,12,University of St. Andrews,st-andrews.ac.uk,GB,SWC
2019-09-23-standrews,University of St Andrews,"Parliament Hall, University of St Andrews, St Mary's College, St Andrews, Fife, KY16 9JU, Scotland, UK",GB,-2.793957,56.339308,2019-09-23,2019-09-24,0,University of St. Andrews,st-andrews.ac.uk,GB,SWC
2018-06-xx-glasgow,,,GB,,,,,0,University of Strathclyde,strath.ac.uk,GB,unresponsive
2018-12-xx-sussex,,,,,,,,0,University of Sussex,sussex.ac.uk,GB,SWC
2017-07-12-sussex,,,,,,2017-07-12,2017-07-12,0,University of Sussex,sussex.ac.uk,GB,WiSE
2014-04-09-GARNET,"GARNet, University of Warwick","School of Life Sciences on Gibbet Hill Campus, Coventry",GB,-1.563937,52.3802961,2014-04-09,2014-04-10,28,University of Warwick,warwick.ac.uk,GB,SWC
2012-09-13-dafx,University of York,University of York,GB,-1.0529144,53.9481933,2012-09-13,2012-09-14,33,University of York,york.ac.uk,GB,SWC
2019-06-10-york,ARCHER-SSI Software Carpentry at The University of York,"the Debye Lecture Theatre, GN/120, York Plasma Institute",GB,-1.046603,53.9480435,2019-06-10,2019-06-11,0,University of York,york.ac.uk,GB,SWC
2015-09-07-guildford,University of Surrey,"University of Surrey, Guildford",GB,-0.58958,51.24278,2015-09-07,2015-09-08,19,University of surrey,surrey.ac.uk,GB,SWC
2016-04-04-ilmenau,Fraunhofer Institute for Digital Media Technology IDMT,"Ehrenbergstraße 31, 98693 Ilmenau, Germany",DE,10.93261,50.68356,2016-04-04,2016-04-05,21,University of surrey,surrey.ac.uk,GB,SWC
